닭고기,육류,냉장,3
닭가슴살,육류,냉장,3
닭다리,육류,냉장,3
닭날개,육류,냉장,3
닭안심,육류,냉장,3
닭똥집(근위),육류,냉장,2
돼지고기(불고기),육류,냉장,3
돼지고기(찌개),육류,냉장,3
돼지고기(다짐육),육류,냉장,2
삼겹살,육류,냉장,3
목살,육류,냉장,3
갈비(돼지),육류,냉장,3
족발(조리),가공육,냉장,2
보쌈(조리),가공육,냉장,2
곱창(돼지),육류,냉장,2
막창(돼지),육류,냉장,2
소고기(국거리),육류,냉장,5
소고기(구이),육류,냉장,5
소고기(다짐육),육류,냉장,2
갈비(소),육류,냉장,3
차돌박이,육류,냉장,2
안심(소),육류,냉장,4
등심(소),육류,냉장,4
곱창(소),육류,냉장,2
오리고기,육류,냉장,2
훈제오리,가공육,냉장,10
양고기,육류,냉장,2
계란,난류,냉장,45
메추리알,난류,냉장,30
햄,가공육,냉장,14
소시지,가공육,냉장,10
베이컨,가공육,냉장,7
스팸,가공육,실온,1095
런천미트,가공육,실온,1095
고등어,수산물,냉장,2
갈치,수산물,냉장,2
조기,수산물,냉장,2
삼치,수산물,냉장,2
연어,수산물,냉장,2
꽁치,수산물,냉장,2
장어,수산물,냉장,2
아귀,수산물,냉장,2
문어,수산물,냉장,3
낙지,수산물,냉장,2
주꾸미,수산물,냉장,2
오징어,수산물,냉장,2
멍게,수산물,냉장,2
해삼,수산물,냉장,2
새우,수산물,냉장,2
새우(냉동),수산물,냉동,180
꽃게,수산물,냉장,2
꽃게(냉동),수산물,냉동,180
굴,수산물,냉장,2
바지락,수산물,냉장,2
꼬막,수산물,냉장,2
홍합,수산물,냉장,2
전복,수산물,냉장,3
관자,수산물,냉장,3
어묵,가공수산물,냉장,10
맛살,가공수산물,냉장,17
멸치,건어물,실온,365
미역(건),건어물,실온,365
다시마(건),건어물,실온,365
김(조미김),건어물,실온,180
김(날김),건어물,실온,365
북어채,건어물,실온,180
오징어(건),건어물,실온,180
황태,건어물,실온,365
참치캔,가공수산물,실온,1825
꽁치캔,가공수산물,실온,1825
골뱅이캔,가공수산물,실온,1825
새우젓,젓갈,냉장,180
멸치액젓,젓갈,실온,730
까나리액젓,젓갈,실온,730
명란젓,젓갈,냉장,10
창란젓,젓갈,냉장,10
오징어젓,젓갈,냉장,10
날치알,젓갈,냉동,180
대파,채소,냉장,7
쪽파,채소,냉장,7
실파,채소,냉장,7
부추,채소,냉장,5
양배추,채소,냉장,10
배추,채소,냉장,10
배추(알배기),채소,냉장,10
상추,채소,냉장,5
깻잎,채소,냉장,5
시금치,채소,냉장,5
콩나물,채소,냉장,4
숙주나물,채소,냉장,4
청경채,채소,냉장,5
미나리,채소,냉장,5
양상추,채소,냉장,7
샐러리,채소,냉장,10
로메인,채소,냉장,7
케일,채소,냉장,7
쑥갓,채소,냉장,5
돌나물,채소,냉장,4
쑥,채소,냉장,4
고춧잎,채소,냉장,5
열무,채소,냉장,7
아스파라거스,채소,냉장,7
샐러드채소(믹스),채소,냉장,3
양파,채소,실온,14
마늘,채소,냉장,14
다진마늘,채소,냉장,10
감자,채소,실온,10
고구마,채소,실온,14
당근,채소,냉장,14
애호박,채소,냉장,7
쥬키니,채소,냉장,7
단호박,채소,실온,30
고추(청양),채소,냉장,7
고추(일반),채소,냉장,7
고추(꽈리),채소,냉장,7
무,채소,냉장,10
깍두기무,채소,냉장,10
총각무,채소,냉장,10
오이,채소,냉장,7
가지,채소,냉장,7
생강,채소,냉장,14
연근,채소,냉장,7
우엉,채소,냉장,7
더덕,채소,냉장,14
도라지,채소,냉장,14
비트,채소,냉장,10
마(장마),채소,냉장,14
파프리카,채소,냉장,10
피망,채소,냉장,10
토마토,채소,냉장,7
방울토마토,채소,냉장,7
브로콜리,채소,냉장,7
콜리플라워,채소,냉장,7
옥수수,채소,냉장,3
아보카도,채소,실온,5
새송이버섯,버섯,냉장,7
느타리버섯,버섯,냉장,7
팽이버섯,버섯,냉장,7
표고버섯(생),버섯,냉장,7
표고버섯(건),버섯,실온,365
양송이버섯,버섯,냉장,7
목이버섯(건),버섯,실온,365
우유,유제품,냉장,7
치즈(슬라이스),유제품,냉장,30
모짜렐라치즈,유제품,냉장,30
피자치즈,유제품,냉장,30
파마산치즈,유제품,냉장,180
크림치즈,유제품,냉장,21
체다치즈,유제품,냉장,60
요거트,유제품,냉장,14
그릭요거트,유제품,냉장,14
생크림,유제품,냉장,5
버터,유제품,냉장,90
마가린,유제품,냉장,90
두부,두부류,냉장,10
순두부,두부류,냉장,10
연두부,두부류,냉장,10
두부면,두부류,냉장,14
유부,두부류,냉장,14
낫토,콩가공품,냉장,7
두유,콩가공품,실온,180
콩(서리태),콩,실온,365
콩(백태),콩,실온,365
팥,콩,실온,365
녹두,콩,실온,365
김치,김치류,냉장,180
단무지,절임류,냉장,30
피클,절임류,냉장,30
식빵,빵류,실온,5
떡(떡볶이),기타,냉장,5
떡(떡국),기타,냉장,5
만두(냉동),가공식품,냉동,270
묵(도토리),기타,냉장,7
곤약,기타,냉장,30
사과,과일,냉장,21
바나나,과일,실온,7
딸기,과일,냉장,3
포도,과일,냉장,7
귤,과일,실온,14
배,과일,냉장,14
오렌지,과일,냉장,14
자몽,과일,냉장,14
레몬,과일,냉장,14
라임,과일,냉장,14
키위,과일,냉장,14
파인애플,과일,실온,5
복숭아,과일,실온,5
자두,과일,냉장,7
수박,과일,냉장,5
멜론,과일,냉장,5
감(단감),과일,실온,7
감(홍시),과일,냉장,5
참외,과일,냉장,7
무화과,과일,냉장,3
석류,과일,냉장,14
블루베리,과일,냉장,7
체리,과일,냉장,7
망고,과일,실온,5
식용유,조미료,실온,730
올리브유,조미료,실온,730
간장,조미료,실온,730
고추장,조미료,냉장,730
된장,조미료,냉장,730
쌈장,조미료,냉장,180
춘장,조미료,냉장,730
참기름,조미료,실온,365
들기름,조미료,냉장,180
케첩,조미료,냉장,180
마요네즈,조미료,냉장,90
머스타드,조미료,냉장,180
굴소스,조미료,냉장,365
돈까스소스,조미료,냉장,365
칠리소스,조미료,냉장,365
스리라차,조미료,냉장,730
핫소스,조미료,냉장,730
식초,조미료,실온,9999
발사믹식초,조미료,실온,9999
물엿,조미료,실온,9999
올리고당,조미료,실온,9999
미림(맛술),조미료,실온,730
쯔유,조미료,냉장,365
겨자,조미료,냉장,180
와사비,조미료,냉장,180
혼다시,조미료,실온,365
치킨스톡,조미료,실온,365
미원,조미료,실온,9999
꿀,조미료,실온,9999
소금,조미료,실온,9999
설탕,조미료,실온,9999
흑설탕,조미료,실온,9999
맛소금,조미료,실온,9999
천일염,조미료,실온,9999
고춧가루,조미료,냉장,365
후추,조미료,실온,730
깨,조미료,실온,365
월계수잎,향신료,실온,365
파슬리(건),향신료,실온,365
바질(건),향신료,실온,365
정향(건),향신료,실온,365
팔각(건),향신료,실온,365
쌀,곡류,실온,365
현미,곡류,실온,365
찹쌀,곡류,실온,365
보리,곡류,실온,365
흑미,곡류,실온,365
율무,곡류,실온,365
콩(렌틸),콩,실온,365
콩(병아리),콩,실온,365
밀가루,곡류,실온,365
부침가루,곡류,실온,365
튀김가루,곡류,실온,365
빵가루,곡류,실온,365
국수(소면),곡류,실온,730
당면,곡류,실온,730
스파게티면,곡류,실온,730
파스타면(푸실리),곡류,실온,730
파스타면(펜네),곡류,실온,730
우동면(생),곡류,냉장,14
쌀국수(면),곡류,실온,730
쫄면(면),곡류,냉장,30
냉면(면),곡류,냉장,30
라면,가공식품,실온,180
햇반,가공식품,실온,270
시리얼,가공식품,실온,180
누룽지,곡류,실온,365
카레(가루),가공식품,실온,365
짜장(가루),가공식품,실온,365
잼,가공식품,냉장,180
땅콩버터,가공식품,실온,180
아몬드,견과,실온,180
호두,견과,실온,180
땅콩,견과,실온,180
잣,견과,냉동,365
해바라기씨,견과,실온,180
